pkuseg,
党政办公室,教务部,招生办公室,研究生院,科学技术部
党政,教务部,中学,研究生院,技术部
定于,教学,招生,研究生,项目
培养,课程,进,硕士,基金
全,课堂,名师,导师,自然科学
总支,任课,介绍,学位,科学
办公室,办公室,走,培养,科研
南山区,招生,办公室,26050732,领域
博物馆,研究生院,通知,项目,国家
筹,11月,热烈,博士,李洁
申请,本科,生源,创新,szu.edu.cn
本页,门,伊始,重点,科技部
基层,科研,主任,仔细,lijie
入口,教师,高考,是否,研究
10月,229,纷纷,名单,@
建议,学时,表示,邹娟,科技
,
jieba,
党政办公室,教务部,招生办公室,研究生院,科学技术部
党政,教务部,中学,研究生院,科学技术部
定于,教学,招生,研究生,项目
全校,课程,走进,硕士,26532350
党委,办公室,名师,导师,国家自然科学基金
培养,招生,进,学位,科研
总支,门,介绍,培养,领域
基层,研究生院,办公室,博士,李洁
办公室,广东省教育厅,主任,专业学位,研究
南山区,课,圆满结束,26050732,科技部
一名,11,通知,项目,lijie
保密工作,229,伊始,硕士学位,010
博物馆,课堂教学,生源,岗位职责,学生
筹,上网,高考,名单,国际
申请,思政,大学,创新,gov
研究,英语四,感谢,是否,@
,
jieba搜索引擎模式,
党政办公室,教务部,招生办公室,研究生院,科学技术部
党政,教务部,中学,研究生院,科学
定于,教务,招生,研究生,技术部
全校,教学,走进,研究,科学技术部
培养,课程,名师,硕士,自然
山区,本科,进,导师,自然科
总支,课堂,介绍,学位,技术
办公室,任课,办公室,培养,项目
公室,办公室,公室,专业学位,基金
申请,公室,主任,26050732,科技
南山区,招生,通知,项目,科研
一名,门,圆满结束,创新,26532350
保密工作,研究生院,热烈,硕士学位,领域
博物,广东省教育厅,生源,岗位职责,国家自然科学基金
筹,课,伊始,博士,国家
博物馆,科研,高考,科技,李洁
